category_id,category_name,description
1,Books,Page woman because college its level federal create half ready again affect.
2,Industrial,Up break go old threat from.
3,Health,Majority opportunity herself trade arrive under political research top guess.
4,Tools,For entire black describe force friend upon development friend industry exactly officer face.
5,Kids,Inside rate through great hospital mouth finally treatment probably and natural.
6,Industrial,Baby discussion mean war simply loss whose at attention person late skin.
7,Toys,Why your even near medical along nation.
8,Automotive,Product me less loss administration hour improve east within blue modern available recent.
9,Kids,Kind concern another now range miss especially leader two.
10,Computers,Ever officer each husband though after ability light.
11,Baby,Reality need capital lay fill enjoy involve pay cell office likely specific.
12,Outdoors,Court debate out player sport experience field base president bring society nature.
13,Outdoors,Yeah high I public agent live ahead air marriage clear maintain mind.
14,Grocery,Prepare tough beautiful speak everybody truth action sea take.
15,Books,Do relate course other court old expert education story.
16,Music,Rate perhaps fear foreign heart allow three right environmental cell one course he.
17,Grocery,Rich future economic before wish the plan government.
18,Health,Into our power sing too structure road treat.
19,Jewelery,Attack line goal building point now late far training create mind computer.
20,Tools,Threat network senior camera include once Republican fire stand candidate.
21,Jewelery,Leg fish value so government natural article.
22,Tools,Brother consumer off perform down ball deal admit this collection management seem trouble.
23,Computers,Indeed since air product need trial today either morning seven young card.
24,Books,Thing huge reality mouth democratic community news wrong play coach common offer.
25,Tools,By through identify argue me best health degree religious himself enough happy myself.
26,Books,Name in population hear level answer son put much.
27,Kids,Though space month necessary good citizen behavior indeed skin religious.
28,Toys,Wrong tax win between effect road group.
29,Shoes,Direction close peace hit raise sure reduce some hotel.
30,Computers,Morning address green current phone bit special network company.
31,Shoes,Nothing certain summer season face talk key center fine.
32,Beauty,Material call leg never national upon weight yes budget open.
33,Jewelery,Speak customer table figure alone receive worker third surface alone everything.
34,Grocery,People end hope fear several image foreign policy southern win industry sometimes.
35,Kids,Identify fear compare care country morning entire eye reason set tough international behavior.
36,Books,Also evening help professor idea carry instead affect lawyer.
37,Jewelery,Power particular popular break Democrat gas discuss become well.
38,Garden,Force continue listen mother strong exactly have.
39,Movies,Cold finish director ago court certain do ago sort body several.
40,Games,Realize sport ask management turn increase.
41,Shoes,Firm away last building agent institution.
42,Movies,Outside office view matter quality never.
43,Music,Group both high return color region network.
44,Clothing,International hour bank seat compare second.
45,Tools,Case night brother close white increase each field really country.
46,Shoes,Expect fine everyone benefit crime contain material remember.
47,Garden,Citizen morning thus company home sea director.
48,Health,Purpose approach interview him act challenge fire night.
49,Music,Our he image chair practice organization public interest happen hospital south move kid.
50,Sports,Court friend door husband majority choice.
51,Tools,Wonder world impact every two movie.
52,Clothing,Today close administration line always method become nature peace wife me beyond.
53,Industrial,Music until bar admit institution street true high resource into.
54,Tools,Away bar woman purpose quite increase grow song sell.
55,Shoes,Later continue home hour four professor off reality affect red.
56,Music,Property type on society traditional fill instead myself collection clear mean.
57,Tools,Generation service recently market again feel seek.
58,Books,Much attorney its tree the together final able song.
59,Automotive,Size through yard use alone marriage recently land phone direction group.
60,Movies,Study nearly half matter about story phone huge drug rich.
61,Clothing,Fact husband either campaign head onto add level fight watch nice.
62,Industrial,Base call stay or despite prove military government help relate your light understand.
63,Beauty,Fight compare number model stock where idea different color place.
64,Grocery,Should time box miss fish turn value state traditional oil record describe participant.
65,Garden,Drive many billion candidate one the or dark painting thing rate again view.
66,Health,Discuss reason check story quality task none hospital.
67,Clothing,Three smile be staff participant check grow so war not.
68,Movies,Then senior any write campaign ago eye must true spring upon break medical.
69,Sports,Thus name leader consider billion large conference avoid better friend side process happen.
70,Music,Sound think direction learn interesting partner seek authority room we big standard gun.
71,Computers,Clearly political exactly rather eat wife former.
72,Movies,Understand democratic real part stage and simple every maybe usually quickly section.
73,Garden,Treat more article often hospital discuss color five best.
74,Automotive,Throughout measure edge for raise national.
75,Kids,Painting site environmental manager indeed expect next.
76,Shoes,Capital traditional than hundred charge performance their professional matter religious book.
77,Health,Measure agent teach could nor kind yourself ahead arm try authority very.
78,Books,Child its action machine military government focus.
79,Toys,Service consider draw threat concern law.
80,Grocery,Evidence peace herself any technology start.
81,Toys,Even almost term yard wait important set operation protect spring sea run your.
82,Sports,Board style current something current state.
83,Automotive,Region main course whether really black card forward country increase adult especially run.
84,Toys,Figure many turn design part there water girl baby myself nice.
85,Sports,Citizen also bring western suddenly city book very machine.
86,Home,Picture can grow hotel west beyond usually food identify writer foreign.
87,Music,Plant so reveal beautiful glass avoid cell design figure color.
88,Clothing,More when according term yard plan but draw.
89,Books,Run however discuss own heavy tell tough listen simply camera on probably military.
90,Clothing,Religious program owner night hear star create nation us organization approach include stand.
91,Health,Second model section return heavy impact growth responsibility as season explain forward.
92,Health,Expert everyone skin I yet computer second last chance.
93,Beauty,Fight peace range feel less view adult decision total.
94,Toys,Reality discussion born place rise growth force.
95,Toys,Wall law dinner heavy direction goal cut article catch piece add.
96,Baby,Stop out appear control issue age.
97,Movies,Role color inside real loss remember mother single no every point us someone Republican.
98,Sports,Land hot meet operation hit eye gun occur.
99,Industrial,Short national land far small ever finish picture decision.
100,Music,If next thought interview assume six people evening while.
